{"products":[{"id":"0.6741664569373573","qty":2},{"id":"0.5318550789164036","qty":1}],"totalQty":0,"totalPrice":369}